date,return,regime
2020-01-02,0.025492411710547502,-0.00019503336467784047
2020-01-03,-0.015254160993643184,-0.00023263756208721155
2020-01-06,0.005306925654821937,-0.0002527089854743814
2020-01-07,0.0009987465775807003,-0.0002602933604630281
2020-01-08,0.00912191423019526,-0.00026169185145934323
2020-01-09,0.010169290990772906,-0.0002598026810832652
2020-01-10,-0.008528743421060692,-0.00025368133445517505
2020-01-13,0.01762787804978383,-0.00023749501291254994
2020-01-14,0.0166297502145214,-0.00021295129276556596
2020-01-15,-0.00804257537050268,-0.00017134031950617084
2020-01-16,0.00865735195053352,-6.759740584046109e-05
2020-01-17,0.008991684616361573,0.00017443834454078928
2020-01-21,-0.05401007621765386,0.0007324862965852968
2020-01-22,-0.008706928050717377,0.0007176153397212682
2020-01-23,0.0,0.0007642391244048054
2020-01-24,-0.02303809853493577,0.0009254000889855834
2020-01-27,-0.06750182671005012,0.001137446075074654
2020-01-28,0.0180181232617449,0.0006062146262020408
2020-01-29,0.004502262359689979,0.0002770199107324057
2020-01-30,0.023183981344472526,0.00015145713503714924
2020-01-31,-0.013444170248123055,4.433252262779603e-05
2020-02-03,0.01913956501469838,-2.5943151486053145e-07
2020-02-04,0.01923063490068677,-2.3675114164386054e-05
2020-02-05,0.0007371179788253635,-3.0330018035841825e-05
2020-02-06,0.023272938160592282,8.783364300249174e-06
2020-02-07,-0.038433747372452864,5.4582682608238936e-05
2020-02-10,0.020359327459988252,3.559769659545591e-05
2020-02-11,0.010123116111971475,3.1572731661325034e-05
2020-02-12,0.033115430384584865,6.878287581201518e-05
2020-02-13,-0.02558695835075897,6.538243854273615e-05
2020-02-14,-0.01789056417277557,6.291100247394013e-05
2020-02-18,0.001322258971746093,8.72480838022037e-05
2020-02-19,0.013791168666170028,0.00018635784761451398
2020-02-20,-0.02402349350260835,0.0003884514181142026
2020-02-21,-0.02728334309691327,0.0006320905924448524
2020-02-24,-0.05167691793449103,0.00086465674317233
2020-02-25,-0.032952820705368424,0.0008192911376899603
2020-02-26,-0.016622378854299624,0.0007274603851788748
2020-02-27,-0.012339413950381073,0.0006912593629290971
2020-02-28,-0.002053676326818632,0.0007084715484116461
2020-03-02,-0.0008575218837431065,0.0008114743226067838
2020-03-03,-0.04050802480987947,0.001103762674840854
2020-03-04,0.02415021664221384,0.0011796008372402284
2020-03-05,-0.04034933468472013,0.0012686359649166663
2020-03-06,-0.0014561373346104745,0.0012880223710247734
2020-03-09,-0.09478673226087564,0.00136306576651148
2020-03-10,0.07490939760308746,0.0013630641880006704
2020-03-11,-0.08898473213000235,0.0013630663800219874
2020-03-12,-0.09212418009578593,0.0013630664439687396
2020-03-13,0.11007935774312916,0.001363066496035432
2020-03-16,-0.17588247399041523,0.0013630664962575683
2020-03-17,0.03181810132111784,0.0013614250866300515
2020-03-18,-0.07782676614868922,0.0013630639762775175
2020-03-19,0.07112550281435426,0.001363061391795132
2020-03-20,0.07309210469158312,0.0013630491732057877
2020-03-23,0.003232441540017783,0.0013516490673079911
2020-03-24,0.03199080584109204,0.0013569794572217957
2020-03-25,0.05597672583247171,0.0013625070137954695
2020-03-26,0.021330651594557493,0.001359085501347309
2020-03-27,-0.1294457938407001,0.0013630664962548762
2020-03-30,0.03301654343803495,0.0013593100199228957
2020-03-31,-0.023453659620347067,0.001356441565100739
2020-04-01,-0.051094868413786076,0.0013609840257260701
2020-04-02,-0.000744504745794794,0.0013541899347873092
2020-04-03,-0.05835602405861873,0.0013627987523942594
2020-04-06,0.07331226050982664,0.0013630626712351846
2020-04-07,0.04914000986171674,0.0013628460829801503
2020-04-08,0.09016399575320566,0.0013630662103362374
2020-04-09,0.028141672542836726,0.0013543885334088282
2020-04-13,-0.028625118861927756,0.0013487059647014385
2020-04-14,0.03527646256373518,0.0013464844582634576
2020-04-15,-0.02140047126675626,0.0013368486992225528
2020-04-16,-0.025477573180958557,0.0013386556270408231
2020-04-17,0.02418288892246423,0.0013472970156457543
2020-04-20,-0.08253559866607463,0.0013630624547671716
2020-04-21,-0.0565731456191616,0.0013627795819869065
2020-04-22,0.008355794632076696,0.0013564293688004747
2020-04-23,0.12015602844017992,0.0013630664962260759
2020-04-24,-0.04743247150710894,0.0013627159903384996
2020-04-27,0.059387825932188276,0.001362829849080351
2020-04-28,0.004312292465412426,0.0013525898257745676
2020-04-29,0.04959192604416507,0.0013583338336695964
2020-04-30,-0.017795079778343048,0.001343940176658301
2020-05-01,-0.05018734668702807,0.0013437929423293427
2020-05-04,-0.003507989652083987,0.0012716045145206223
2020-05-05,0.020682109285407257,0.0012542550982192013
2020-05-06,0.001077693721997397,0.001252958001224707
2020-05-07,0.020025856268677034,0.001294486048059833
2020-05-08,0.07536409061587901,0.0013630058302818175
2020-05-11,-0.04789941347266746,0.001362705087512001
2020-05-12,-0.052371132861200764,0.0013625773116800605
2020-05-13,-0.03350737025495354,0.0013580775416560987
2020-05-14,0.0283656168769999,0.0013541961379516588
2020-05-15,-0.020140179614406284,0.001353526624435819
2020-05-18,0.08109937428923697,0.0013630537891472624
2020-05-19,-0.002893339971955511,0.001352211076483327
2020-05-20,0.03979276361900452,0.0013579096364684422
2020-05-21,-0.03189153038746717,0.001357724262691004
2020-05-22,-0.03438333311808894,0.0013597373774910128
2020-05-26,0.06460552746766468,0.0013629127293981597
2020-05-27,0.020027984822775124,0.0013547298742299235
2020-05-28,-0.046730742147431004,0.0013557426136712471
2020-05-29,-0.012564405326757622,0.0013361139220744629
2020-06-01,0.02273675724283608,0.0013368186478639136
2020-06-02,-0.025290605160389612,0.0013462934326645038
2020-06-03,0.08369945325566208,0.0013630463539417257
2020-06-04,0.01081289645625727,0.0013408004613742902
2020-06-05,0.011843421184047465,0.0013392040175881094
2020-06-08,0.05040580932603134,0.0013564686641168308
2020-06-09,-0.03558584173587176,0.0013474347124270616
2020-06-10,-0.035221713719467584,0.0013295064904567523
2020-06-11,-0.051767370513277955,0.0012929412446539734
2020-06-12,0.01588907292008357,0.0006938019891788379
2020-06-15,-0.01624211589299407,0.00036026653669776493
2020-06-16,0.006930233174984091,0.00018288280005786665
2020-06-17,-0.01012154753300687,0.00011749960561220884
2020-06-18,-0.014314945533269174,0.00010673053883319657
2020-06-19,-0.020954406502246004,0.00013355382753602269
2020-06-22,-0.019071778783812277,0.00018366152433169823
2020-06-23,0.012745723510340756,0.0002754746859315278
2020-06-24,-0.041382236285780194,0.0004746976558090022
2020-06-25,0.0011126392489606562,0.0005031497533138512
2020-06-26,-0.036897113418667304,0.0006261902944735232
2020-06-29,0.030463881754058564,0.0006588647577234392
2020-06-30,0.019932808053400253,0.0006642841838163709
2020-07-01,-0.010979286215500816,0.0006959155417336216
2020-07-02,0.02886317813806505,0.0008057404321345659
2020-07-06,0.015753138916068554,0.000886990237235467
2020-07-07,-0.0433397732373525,0.0010482807563104185
2020-07-08,0.012880352342774293,0.001061591113769225
2020-07-09,-0.02039036603382416,0.0011238394473956988
2020-07-10,0.023276855312447164,0.0012287105117969232
2020-07-13,0.061460817013125,0.0013572702696028325
2020-07-14,-0.023490590493280505,0.0013507665986174822
2020-07-15,0.060350344339526574,0.0013523376211216705
2020-07-16,-0.010746219544456648,0.0010866798654373111
2020-07-17,-0.020519159301111034,0.0009759781957311849
2020-07-20,-0.02895854014556487,0.0009098793695149136
2020-07-21,0.015228328096838384,0.0008294224462212053
2020-07-22,-0.024166517520694764,0.0008012887459947094
2020-07-23,-0.041844688377787764,0.0007866628003159345
2020-07-24,-0.011586431717939272,0.0006245963282876906
2020-07-27,-0.019837749743805255,0.0005630193505102671
2020-07-28,0.017019447494524664,0.0005366895921770467
2020-07-29,0.002261334536276971,0.000546162815521962
2020-07-30,0.026624527354642602,0.0006349209916736555
2020-07-31,-0.04087906713130507,0.0007150554824142728
2020-08-03,0.008249214851514974,0.0006953656447158103
2020-08-04,-0.006136291551238515,0.0007352777829262138
2020-08-05,-0.008918435454357998,0.0008756956295173079
2020-08-06,0.043378031625851854,0.0012244018097344698
2020-08-07,-0.02255646871384598,0.0012807894276033495
2020-08-10,0.07511326775262672,0.0013629905022993017
2020-08-11,0.0732321905198392,0.0013627161179827249
2020-08-12,-0.03784309947766851,0.0010767269783808389
2020-08-13,-0.00917054380139326,0.0002996613626413209
2020-08-14,-0.00514196290635649,-2.9183632419538757e-05
2020-08-17,-0.013437976762676218,-0.00015787976233443599
2020-08-18,-0.000628741392974419,-0.00022017324681488095
2020-08-19,-0.004613099152670719,-0.0002430390049507771
2020-08-20,-0.00021068422636660866,-0.00024982573060267657
2020-08-21,0.02233460717294955,-0.00024662562435601713
2020-08-24,0.026586981096411,-0.0002451795142241901
2020-08-25,0.00301148605702517,-0.00025051444942872554
2020-08-26,-0.002001681481069606,-0.0002464877117817911
2020-08-27,0.013437570985261216,-0.00022882134766984098
2020-08-28,0.03225817395386832,-0.00019348473398522818
2020-08-31,-0.02779914866358346,-0.00018371240406508398
2020-09-01,-0.02090310793409811,-0.00018156974828839563
2020-09-02,0.03383692789452564,-0.00017254841786536572
2020-09-03,-0.013637263766885677,-0.0001920884573463466
2020-09-04,0.026268954323708238,-0.00019410525263508698
2020-09-08,-0.0055813501504661245,-0.00020284950226742693
2020-09-09,-0.016063417302298988,-0.00019076820051036107
2020-09-10,0.029111002172029332,-0.0001614431643849974
2020-09-11,-0.007836422763670692,-0.00014831194128058075
2020-09-14,0.02292437159460814,-9.800326339652073e-05
2020-09-15,-0.023540625608529764,-3.9826156577874494e-05
2020-09-16,-0.04204436577020265,3.158429267033957e-05
2020-09-17,-0.011878231828089003,9.908065804987667e-06
2020-09-18,-0.001630104744251737,2.5343269393981018e-05
2020-09-21,-0.05224494436787053,0.00010376339942543662
2020-09-22,-0.004091364408955189,-4.73311508702718e-05
2020-09-23,-0.026161968876685093,-0.00010152725131717542
2020-09-24,0.019316106945743483,-0.0001576653042774203
2020-09-25,0.02287073353663094,-0.00019543088745743536
2020-09-28,0.014054515611113594,-0.00022984124848859856
2020-09-29,-0.01889956400474202,-0.00024769470397174723
2020-09-30,-0.001284231439186434,-0.00026022461702447343
2020-10-01,-0.009429946440476011,-0.00026481855124138636
2020-10-02,-0.0015144218631738537,-0.00026701605726439035
2020-10-05,0.0015167188153080158,-0.00026774223149569486
2020-10-06,0.004327136364475459,-0.00026775779198489924
2020-10-07,-0.005170208299778545,-0.0002672759503320589
2020-10-08,-0.001515649279178577,-0.0002658151489038327
2020-10-09,-0.008458018861109196,-0.0002617118171683743
2020-10-12,0.009842317046359073,-0.00025228571521044316
2020-10-13,-0.029456208331185008,-0.0002316791503258087
2020-10-14,0.0037937219652963705,-0.0002219464803680697
2020-10-15,0.0168964009797139,-0.0001881564744111849
2020-10-16,-0.008089303029828132,-0.00013103229135551296
2020-10-19,-0.009036674042299131,1.0627210547592495e-05
2020-10-20,0.027579946741167705,0.0003476595980003805
2020-10-21,-0.005627695880441319,0.0006324959579402807
2020-10-22,0.08424042766744089,0.0013594036660205151
2020-10-23,0.01746632190088193,0.001223952259395718
2020-10-26,-0.030583978191915495,0.0011481978282789833
2020-10-27,-0.017097531415682043,0.0010454968362095338
2020-10-28,-0.029612782361322476,0.000998361395064545
2020-10-29,0.0209133337468288,0.0009362629755542772
2020-10-30,0.0045986351743998455,0.0009004094597365142
2020-11-02,0.02309626368352591,0.0009251617374252199
2020-11-03,-0.003050683612707994,0.0009638512421966873
2020-11-04,0.0181558516887963,0.0011025465610063287
2020-11-05,0.05389697499333557,0.0013320719075427684
2020-11-06,0.00722429872068564,0.0013347051599540297
2020-11-09,0.09229899782032547,0.0013630498858949736
2020-11-10,0.012096091991941282,0.0012544107985761586
2020-11-11,-0.027659084486917673,0.0012099191530963091
2020-11-12,-0.024407448659780173,0.0011654464785611533
2020-11-13,0.04895604095460704,0.0011343441049949095
2020-11-16,0.0017158565143651217,0.0006211849457778851
2020-11-17,-0.015073633024582866,0.00042840604617780316
2020-11-18,-0.002956464162908623,0.00033647599780211603
2020-11-19,0.021454548543565544,0.0003227381147382158
2020-11-20,-0.04542334239220103,0.0003253708951418059
2020-11-23,0.014132304402398876,0.00012305056200851577
2020-11-24,0.024519392836242826,2.1303100116410356e-05
2020-11-25,-0.02651526153796202,-7.616291227775394e-05
2020-11-27,0.0008843652167873639,-0.0001767743408860942
2020-11-30,-0.015550496669934133,-0.00021359849951387559
2020-12-01,0.01633463104028876,-0.00023192436024242237
2020-12-02,0.017485056739182436,-0.00024163621943584232
2020-12-03,0.01822592157217584,-0.000246912874011017
2020-12-04,0.024718714707333334,-0.0002497640495786037
2020-12-07,-0.019464345494984436,-0.0002571159730715345
2020-12-08,-0.006107900715429659,-0.0002634023260040514
2020-12-09,-0.010071622823265458,-0.00026559180372307125
2020-12-10,-0.011898664066696929,-0.0002663728606062829
2020-12-11,-0.009598581590085309,-0.0002667463946272298
2020-12-14,-0.0038766978316978618,-0.00026644874313106024
2020-12-15,0.023704271197626747,-0.0002644014291462115
2020-12-16,-0.003974423493492307,-0.00026674758814215397
2020-12-17,-0.005204725207258565,-0.00026751762841942825
2020-12-18,0.0015696343929378909,-0.00026755452892761756
2020-12-21,-0.009576853386860096,-0.00026671919888099143
2020-12-22,-0.011076023607315189,-0.0002651139119335326
2020-12-23,0.016711075956161947,-0.00026193317060095887
2020-12-24,-0.0031474345659451286,-0.00025842933877682264
2020-12-28,0.034555460502333935,-0.0002468676677781677
2020-12-29,-0.01475085278285082,-0.0002539546939236068
2020-12-30,0.010841581420140356,-0.00025645050967621575
2020-12-31,0.014640793941517183,-0.0002542208834574822
2021-01-04,-0.02768456364870786,-0.00024825589319821755
2021-01-05,0.02571176338537917,-0.00024893550965306057
2021-01-06,-0.015141272089187696,-0.0002552802920445115
2021-01-07,-0.006662099303022306,-0.00025770430073233984
2021-01-08,-0.003955352985857696,-0.0002540715131984942
2021-01-11,-0.026070359903750173,-0.00024038328143582047
2021-01-12,0.003722700141407298,-0.00023111911427225123
2021-01-13,-0.023313248427436206,-0.0002004686215894018
2021-01-14,0.006871504424279973,-0.00016501836951808183
2021-01-15,-0.040229878623236015,-7.383326107646159e-05
2021-01-19,0.018899818524181322,-6.7301761562541e-05
2021-01-20,-0.00036742435029568643,-4.497771709942148e-05
2021-01-21,0.017453810452874086,4.004366382120186e-05
2021-01-22,-0.02166863533171004,0.00018376745830679485
2021-01-25,-0.022148420679913183,0.0003852681622394607
2021-01-26,-0.01057002462061607,0.0006600502615770012
2021-01-27,-0.0644790917621264,0.0012919233038886904
2021-01-28,0.0008156774687193558,0.0012631583782086394
2021-01-29,-0.02017130586988536,0.0012725141229302723
2021-02-01,0.020378514726070884,0.0013020606255375248
2021-02-02,0.06297131621650931,0.0013528060985699207
2021-02-03,0.031441693733412324,0.0012956279038575367
2021-02-04,-0.01579923860312571,0.0012059495059290515
2021-02-05,0.04948052195548103,0.0011675744019419246
2021-02-08,-0.004858609615530529,0.0005559775697935678
2021-02-09,-0.01627481226884775,0.0003197035868168355
2021-02-10,0.020404240314268574,0.00019606901597067806
2021-02-11,-0.009187496060777067,0.00011068824062816454
2021-02-12,0.018545519381011344,8.872349221137368e-05
2021-02-16,0.02570507900018626,8.905725431990492e-05
2021-02-17,0.009223811843052987,8.538548510652932e-05
2021-02-18,0.004311059536923345,0.00012819595346681638
2021-02-19,0.03331042570788134,0.00026301242804553415
2021-02-22,0.025922186826662807,0.0003209461345833235
2021-02-23,0.04275996407094795,0.000374586867190709
2021-02-24,0.006679155677357995,0.0003008544700535047
2021-02-25,-0.03487119113148773,0.00029330018108656255
2021-02-26,0.0007993303389433049,0.00023276390322721907
2021-03-01,0.007188600706443671,0.0002369001240894398
2021-03-02,0.03013472450298993,0.00030208167945549897
2021-03-03,0.013395001624407321,0.000335413829881894
2021-03-04,-0.05271948620812128,0.000429050496129055
2021-03-05,0.0014433221729666101,0.00024382981587966563
2021-03-08,0.013132598569053577,0.00018240844303777322
2021-03-09,-0.018020777827130297,0.00016817932447781912
2021-03-10,-0.0016098520840208685,0.00018346176354675005
2021-03-11,0.018381202330297608,0.0002722271490165602
2021-03-12,-0.011241323776353451,0.0004189395821624131
2021-03-15,0.060048080288366945,0.0007567145983946577
2021-03-16,-0.018580017554624573,0.0005485170985424731
2021-03-17,0.014775935304213617,0.00042813044804296203
2021-03-18,-0.017594369347967764,0.00037468994080084786
2021-03-19,-0.015902376829950216,0.0003610542895328409
2021-03-22,-0.013649221671689915,0.0003883101311105604
2021-03-23,-0.05598852661465481,0.0004775034168793641
2021-03-24,-0.00320133192003047,0.0001512963634932793
2021-03-25,0.02636918505483843,2.9121867135005084e-05
2021-03-26,0.004611297348056542,-0.00010572800494808876
2021-03-29,-0.02098365622923437,-0.00015620766315374899
2021-03-30,0.02511724381429037,-0.00019112806010282435
2021-03-31,-0.007513880422080121,-0.00022978624127473066
2021-04-01,0.017939371415054417,-0.00024413347173682823
2021-04-05,0.012126094959250544,-0.00025384891853940484
2021-04-06,0.016134286295049094,-0.00025760245277613457
2021-04-07,-0.023266833100994977,-0.00025959620766304487
2021-04-08,0.007564736141622008,-0.00026429331553186146
2021-04-09,-0.010543131666476024,-0.0002661742549534057
2021-04-12,-0.005327673963965496,-0.0002671182860807072
2021-04-13,-0.00990095754112641,-0.00026701820090301503
2021-04-14,0.005081928346771125,-0.000266489307377499
2021-04-15,-0.0003261860274564876,-0.0002644727155283021
2021-04-16,-0.004731590284481557,-0.0002585981395801076
2021-04-19,-0.006229540906435127,-0.00024349817718352987
2021-04-20,-0.02606393326905032,-0.00020575469499475288
2021-04-21,0.029132731239334353,-0.00017120123861762273
2021-04-22,-0.03999339286042913,-0.00015345611181815345
2021-04-23,0.024515641138949995,-0.00018710228078257273
2021-04-26,-0.0076975177821208,-0.00022252540751031423
2021-04-27,0.024114760397022206,-0.00023433034102287513
2021-04-28,0.01663089987644617,-0.00024906867687601056
2021-04-29,-0.008908304813354584,-0.0002585219388275031
2021-04-30,0.0011439855470825044,-0.00026169994702943453
2021-05-03,-0.00326471348614199,-0.00026011011373031664
2021-05-04,-0.028169085081071965,-0.00025226426500437894
2021-05-05,0.0020222209251410384,-0.00025157512049583963
2021-05-06,-0.03683137898116573,-0.00024093715069074763
2021-05-07,0.0075082958750769535,-0.00025251343277237105
2021-05-10,-0.009705437775771042,-0.0002553636906892356
2021-05-11,-0.01575073847141162,-0.0002521606651470804
2021-05-12,-0.023115316661383223,-0.00024442759112915384
2021-05-13,0.014925434523245684,-0.00023753108249628462
2021-05-14,0.03837882623846922,-0.00022213512381532994
2021-05-17,-0.019689155151651483,-0.0002409041650138976
2021-05-18,-0.0008809374041601759,-0.00025425367679914366
2021-05-19,-0.01022737562327658,-0.0002575004812011908
2021-05-20,0.029039615888835302,-0.0002556714300578426
2021-05-21,-0.0006924676637634075,-0.00026304527727179374
2021-05-24,0.00034660875229297616,-0.0002654315415685497
2021-05-25,-0.0012124741314335497,-0.00026523401586823234
2021-05-26,0.023235692728504675,-0.00026224852958592223
2021-05-27,-0.0076259340783843,-0.0002631536952030365
2021-05-28,-0.013831871779231841,-0.00026079917032387396
2021-06-01,0.025108288483691288,-0.0002556837996827734
2021-06-02,-0.00472982715785164,-0.0002556423323710492
2021-06-03,-0.03665984305472114,-0.00024785140087416567
2021-06-04,-0.004228348529972559,-0.00026011285300465146
2021-06-07,0.0,-0.0002647127029958172
2021-06-08,-0.010615723985386016,-0.00026591573214972006
2021-06-09,-0.014842573686322358,-0.0002661110704820618
2021-06-10,0.005445569972250208,-0.00026661442187413
2021-06-11,0.0043329314182649625,-0.0002658533295908343
2021-06-14,-0.02660434001107259,-0.00026298440477381507
2021-06-15,0.0025854283548405466,-0.00026557590453524417
2021-06-16,0.001473598305455237,-0.00026576255479195647
2021-06-17,-0.004230343360421052,-0.0002636501957625895
2021-06-18,-0.021056488019621677,-0.0002573147460407187
2021-06-21,0.029622610191175847,-0.0002513223345385005
2021-06-22,-0.0177753630198626,-0.0002556443697385925
2021-06-23,-0.0042911154974070165,-0.0002579861335447937
2021-06-24,-0.027168747435843188,-0.00025393911578358715
2021-06-25,0.01463798251426307,-0.0002558579616469725
2021-06-28,-0.024867099167539375,-0.00025482537084876687
2021-06-29,-0.0036987140734295876,-0.00025751735735684883
2021-06-30,0.029503694137376746,-0.0002535449085290736
2021-07-01,0.008350755542436472,-0.0002594848995728217
2021-07-02,-0.0011292188136258208,-0.0002605388089673209
2021-07-06,-0.029018324171076526,-0.00025609384462388775
2021-07-07,-0.013196317306798155,-0.0002594602480356953
2021-07-08,-0.011799348327755865,-0.0002596096127261537
2021-07-09,0.02149267168938973,-0.00025602277032456115
2021-07-12,-0.006039458340989956,-0.00025427421759005375
2021-07-13,-0.010388087684669478,-0.0002439549835640697
2021-07-14,-0.007328200167093013,-0.0002188516711338575
2021-07-15,-0.013567407749439653,-0.00015589994289893735
2021-07-16,-0.03276707578951521,-2.6428700908431933e-05
2021-07-19,-0.010037604864418515,4.411817802081464e-05
2021-07-20,0.00929441104959583,0.00021783443702538347
2021-07-21,0.03432404490105201,0.0006193063782926108
2021-07-22,-0.04451628650011952,0.0008025401854588992
2021-07-23,-0.030707402608460943,0.0008041906897490701
2021-07-26,-0.009176378295390863,0.0007867628477221683
2021-07-27,-0.03814769282051411,0.0008286271420933523
2021-07-28,0.02040348226480826,0.0008036408323772269
2021-07-29,-0.03414954770364542,0.0008025533194984181
2021-07-30,-0.014887308413246036,0.0007599983025988552
2021-08-02,-0.019834753776945435,0.0007649913458311807
2021-08-03,-0.033244893779615814,0.0008013855610437498
2021-08-04,-0.03164709657281861,0.0008026547043355166
2021-08-05,0.04915078274565787,0.0007793226118533367
2021-08-06,0.0024526911371327564,0.00020880411896242822
2021-08-09,-0.005627501765952392,-1.049340477535658e-05
2021-08-10,0.008120078339136638,-9.439921550644391e-05
2021-08-11,0.00048821967945622546,-0.00012398960323155045
2021-08-12,-0.004879339128279203,-0.00011825616423156925
2021-08-13,-0.020348234409536148,-7.299134347043748e-05
2021-08-16,-0.015265216662181724,-2.423476240275853e-06
2021-08-17,-0.018043155056578497,0.00013947538785350104
2021-08-18,-0.008281543020435045,0.00038313717192028847
2021-08-19,-0.04044894949287703,0.0009752540558726113
2021-08-20,0.021213014466169078,0.0011362825352580115
2021-08-23,0.05805593245117446,0.0013578560737001176
2021-08-24,0.07525814938523578,0.0013619987414986976
2021-08-25,0.012172260819516278,0.0008406276160111655
2021-08-26,-0.00508794106249022,0.0005939217329594753
2021-08-27,0.020688048132160963,0.0005066033805049875
2021-08-30,-0.010703733072756183,0.00045050328217819725
2021-08-31,0.026933651858179086,0.000453491965572526
2021-09-01,-0.01098407122772982,0.0004485137707329525
2021-09-02,-0.0024933181105672997,0.0005013125001539266
2021-09-03,-0.01999533995654401,0.0006742507631953148
2021-09-07,0.04173425073016079,0.0009460116978983301
2021-09-08,-0.02203427646611844,0.0009898504285603207
2021-09-09,-0.0061446705490108,0.001061734246527137
2021-09-10,-0.04190514816706847,0.0012650758933125867
2021-09-13,0.02509549019229884,0.0013106886708037198
2021-09-14,-0.09745858746504876,0.0013630522676425223
2021-09-15,-0.017049857865850004,0.0012086334861241496
2021-09-16,-0.013929046898297659,0.0011284847762049431
2021-09-17,0.017324062404629803,0.0011021025211040755
2021-09-20,-0.012575377035733748,0.0011054433302845473
2021-09-21,-0.05571756110268067,0.0011552169876915667
2021-09-22,0.014891610448966253,0.0009244716246870966
2021-09-23,0.03211530089609349,0.0008076048621009336
2021-09-24,-0.010193082699474942,0.000597924625675889
2021-09-27,0.027100302477681693,0.0005164774888664044
2021-09-28,-0.01583115246620448,0.00042122646690367227
2021-09-29,-0.024128609598298656,0.00038402221568442424
2021-09-30,0.005494404340978587,0.0003586495174864573
2021-10-01,0.04316938558635308,0.00039377286557869365
2021-10-04,-0.03326343627205419,0.0002880780718741782
2021-10-05,0.015172036122397703,9.249475385977561e-05
2021-10-06,-0.019215456462620795,-1.1150383941014994e-05
2021-10-07,0.010068050087086222,-7.369902536371678e-05
2021-10-08,0.029633656147065368,-9.285434522735938e-05
2021-10-11,0.02276298798073295,-0.00013334355926582976
2021-10-12,0.029163422028364083,-0.00016834096001301863
2021-10-13,-0.004474220066935097,-0.0002243916732524448
2021-10-14,0.007989885231188376,-0.00024544183887360496
2021-10-15,-0.006688056222136085,-0.0002530438536777778
2021-10-18,-0.0014963388229533026,-0.00025244098464754095
2021-10-19,0.006493592424443806,-0.00024211367150666884
2021-10-20,-0.019354899834093664,-0.00021426527900315472
2021-10-21,-0.018977706700569197,-0.0001719011746826712
2021-10-22,-0.01986065035728768,-0.00010398831974507878
2021-10-25,-0.0002631889498780904,5.543244949221386e-07
2021-10-26,0.027375574845434514,0.0002797987944819327
2021-10-27,0.032539121792789505,0.0005188274605871068
2021-10-28,-0.013895681746795119,0.0006454112095566582
2021-10-29,-0.023402226752698874,0.0009165616776969101
2021-11-01,0.056943982799120274,0.0012602279459995045
2021-11-02,-0.0078009496048379035,0.0012394048465958615
2021-11-03,0.009336658352204985,0.0012559835384592679
2021-11-04,-0.03261923946831524,0.0013193271829331449
2021-11-05,0.07297421435472651,0.0013605918687978297
2021-11-08,-0.02509393848687491,0.0012392599589208014
2021-11-09,-0.01178714643762302,0.0011357470086554768
2021-11-10,-0.02531659735705416,0.0011001672034880376
2021-11-11,-0.013486452440553465,0.0010739423939461967
2021-11-12,0.005063297132215316,0.0010895832116771843
2021-11-15,0.04130979381610245,0.0011725937205588157
2021-11-16,-0.01693267896397277,0.0011708370935913416
2021-11-17,-0.033218589448796965,0.0012001330006583969
2021-11-18,-0.01883425262718663,0.001209362380917949
2021-11-19,-0.007522676218796542,0.0012453706339606312
2021-11-22,0.061944568650095455,0.0013550581859118876
2021-11-23,-0.020182020599338935,0.0013401305168889682
2021-11-24,0.005023672879154173,0.0013381182975443237
2021-11-26,-0.05348671396467586,0.0013591429743852652
2021-11-29,-0.016107686356490847,0.001354157661739938
2021-11-30,-0.044015002020178384,0.001360932267177036
2021-12-01,-0.04604151959831004,0.0013623234506647893
2021-12-02,0.04738090422484964,0.0013625698540369311
2021-12-03,-0.03680827597531433,0.0013617096127952989
2021-12-06,0.07176203220590094,0.0013628016696538602
2021-12-07,0.008982142607181887,0.0012524573686784918
2021-12-08,0.04424059244461187,0.001212645579102501
2021-12-09,-0.015499889086649676,0.0009164013920609324
2021-12-10,-0.011807989668852437,0.0007671757872878387
2021-12-13,-0.019383975882923732,0.0007117162026263549
2021-12-14,-0.015163716208710154,0.000692410969009767
2021-12-15,-0.009898257936169164,0.000718693758635892
2021-12-16,-0.024993086417829602,0.0008229230884103517
2021-12-17,0.009398920710949055,0.0009443219863738757
2021-12-20,-0.03639945283686141,0.0012364059420174951
2021-12-21,0.08404110768978024,0.001362205405681444
2021-12-22,0.00026994564147231337,0.0011888066112783694
2021-12-23,0.04212814212416505,0.0011309096397626609
2021-12-27,-0.01865786615976517,0.0008097229578138412
2021-12-28,-0.00580921144681934,0.0006193177631871976
2021-12-29,-0.012217892809046393,0.0005560538756873171
2021-12-30,0.01317557038388073,0.0005514862202162893
2021-12-31,-0.0010615931880190166,0.0005964419138797476
2022-01-03,0.03214672614124803,0.0007543999044621878
2022-01-04,-0.004890580935870248,0.0008388764187078281
2022-01-05,-0.04371445703603305,0.0010795406944076385
2022-01-06,0.023262217888819103,0.0011135007563633332
2022-01-07,0.0018503957078481736,0.0011612584825171138
2022-01-10,-0.03878633382203667,0.0013110419527053543
2022-01-11,0.06642869663226803,0.001361826584200323
2022-01-12,0.00257420636993988,0.0013508582958530007
2022-01-13,-0.03311958865636133,0.0013569510067925076
2022-01-14,0.14152964252683065,0.0013630664962548298
2022-01-18,0.0025585833756789356,0.0005629910613212466
2022-01-19,0.019025509961027698,0.0002555267672454661
2022-01-20,-0.007058234716575962,5.3977811895993336e-05
2022-01-21,0.003210384008740963,-2.305342454365339e-05
2022-01-24,0.02605710062069755,-4.104740857325002e-05
2022-01-25,-0.0004455861154185614,-6.521127548626154e-05
2022-01-26,-0.016714931071379446,-4.876579562092999e-05
2022-01-27,-0.04623751806629073,-3.358627449157834e-06
2022-01-28,0.024477205608064212,-8.0218327006148e-05
2022-01-31,0.016005558411901433,-0.00015496635368810689
2022-02-01,0.01940637065937567,-0.00019642689404479813
2022-02-02,0.002239557037851281,-0.00022520715158334408
2022-02-03,-0.018770816704347437,-0.0002321646786135203
2022-02-04,0.0066043102234381035,-0.00023393516149545427
2022-02-07,0.029411801001339777,-0.00022206282532516122
2022-02-08,0.005494554895071557,-0.00022280009361971034
2022-02-09,0.02098361364936796,-0.00020624159575797894
2022-02-10,-0.0012845063016710956,-0.00018496068286041848
2022-02-11,-0.03193998952031474,-0.0001197463197049704
2022-02-14,0.023250475101637358,-8.594988999378441e-05
2022-02-15,0.03354260981956814,-4.7631362268525906e-05
2022-02-16,-0.0031405850482733033,-4.803527386762393e-05
2022-02-17,-0.011552248784681196,-2.6287410797084935e-06
2022-02-18,0.001274953066825013,0.00011133674015728322
2022-02-22,-0.03607822411196837,0.00041733823736558406
2022-02-23,-0.005944362707086426,0.0005449441446653527
2022-02-24,-0.034773028096401704,0.0008825515824552979
2022-02-25,0.02156957141126603,0.0010492394433124432
2022-02-28,-0.037286638980619013,0.0012730501748139046
2022-03-01,-0.05972931396382264,0.0013613696025167156
2022-03-02,0.10173699405507985,0.0013630664909508707
2022-03-03,-0.045720851850210575,0.0013624979400271332
2022-03-04,-0.03705448431066438,0.0013618005497579065
2022-03-07,-0.11519622143475583,0.0013630664960374269
2022-03-08,0.02493089082466282,0.0013591982359338175
2022-03-09,0.04783790881496852,0.0013611217792084014
2022-03-10,-0.004384848927011409,0.0013543847569561316
2022-03-11,-0.05647669178244652,0.0013627130464637914
2022-03-14,-0.1188907467016691,0.0013630664962023334
2022-03-15,0.01776269861215818,0.0013585812948353902
2022-03-16,0.1187995752748503,0.0013630664950105712
2022-03-17,0.022714957600778796,0.0012645676967986924
2022-03-18,0.042547515066859054,0.0011888469789929194
2022-03-21,-0.006930302568478042,0.0007732902893943727
2022-03-22,0.008529336240188146,0.0006111172943426263
2022-03-23,-0.02178367771311973,0.0005542742271234481
2022-03-24,0.040869822259321786,0.0005236178616546663
2022-03-25,-0.013339953264956406,0.000301288936328891
2022-03-28,-0.0079083011171448,0.0002001592748127296
2022-03-29,0.028542006699336486,0.00017363805471077993
2022-03-30,-0.008749767575776168,0.00012789579911943132
2022-03-31,-0.01967228900982665,0.0001335581474155755
2022-04-01,0.01672237785627817,0.00016369234700312998
2022-04-04,0.01037443760027279,0.0002327646320155035
2022-04-05,-0.05259190814162018,0.0004027912890052594
2022-04-06,-0.021940376824893137,0.0003028851755902786
2022-04-07,-0.024054052858769603,0.00023462365188883384
2022-04-08,-0.0044307816867353855,0.00018013437009048108
2022-04-11,-0.025312995948099992,0.00018565758376075278
2022-04-12,-0.00028531063835091075,0.00019458660878684413
2022-04-13,0.03482717430715132,0.0002733276887275784
2022-04-14,0.019586263348163824,0.0002865249139289731
2022-04-18,-0.008387382000887178,0.00032459858422522196
2022-04-19,0.04338347890840222,0.00045041931290713453
2022-04-20,0.0070604829256617485,0.00042372591359175104
2022-04-21,-0.03375760672173689,0.00045663092587738753
2022-04-22,-0.02176808808756825,0.00044789396154219427
2022-04-25,-0.003022120401448003,0.000460407562485502
2022-04-26,-0.04243600571708139,0.0005533817555455163
2022-04-27,0.0025900098786100223,0.0005265699737773365
2022-04-28,0.024110269624211478,0.000565991196257086
2022-04-29,-0.007006789164635152,0.0006134624137518453
2022-05-02,0.035563103549481445,0.000766902603701604
2022-05-03,-0.0070863868293914445,0.0008180784641420667
2022-05-04,0.017293449307452358,0.0009780647505164173
2022-05-05,-0.04074481777519112,0.0012532470978603627
2022-05-06,-0.03544295113203233,0.0013263566741806238
2022-05-09,-0.07086609968363422,0.0013624016742854843
2022-05-10,-0.020715629733645935,0.001345743767832836
2022-05-11,-0.02788465921046146,0.0013412506599570933
2022-05-12,-0.006264457675940527,0.0013407008698596934
2022-05-13,0.15063040454434962,0.0013630664962575609
2022-05-16,-0.03777389944508136,0.0013570938673157862
2022-05-17,0.03955648688370017,0.0013447064854523693
2022-05-18,-0.025079426119333226,0.0012983525328444465
2022-05-19,-0.016558133062260394,0.0012625790090950596
2022-05-20,0.006013236288769264,0.0012550606703333185
2022-05-23,-0.014046651160061097,0.0012848576044880908
2022-05-24,-0.060927545248421255,0.0013610427719529534
2022-05-25,0.03518399442026143,0.0013603481572328165
2022-05-26,0.06548171592258267,0.0013603844459489471
2022-05-27,0.013169406240511439,0.0010596000990649153
2022-05-31,0.024263485178322775,0.0009151997162359702
2022-06-01,-0.008460137425593373,0.0007864302108726731
2022-06-02,0.01052323412237377,0.0007488698977239757
2022-06-03,-0.016042811241086974,0.0007658787451308589
2022-06-06,0.015446265824393013,0.0008325703700908363
2022-06-07,0.009295884643319763,0.0009722245223360925
2022-06-08,0.04353885118604128,0.0013050785242934772
2022-06-09,-0.05616481606522117,0.0013609712536960892
2022-06-10,-0.05072250405807188,0.0013627132052754169
2022-06-13,-0.08656714855668501,0.0013630662109147163
2022-06-14,0.05457511134640236,0.0013625074099415408
2022-06-15,0.0114657834475127,0.0013496136407607335
2022-06-16,-0.05422801654726439,0.0013522884834769543
2022-06-17,0.0259151603359824,0.001279914217779445
2022-06-21,0.0012629895768452304,0.001210074453566937
2022-06-22,-0.003468855585434305,0.0011980402360731923
2022-06-23,-0.0006329244630205455,0.0012315117532031433
2022-06-24,0.058581264945632316,0.0013445550373559659
2022-06-27,-0.007777432160743669,0.0013258886760638764
2022-06-28,0.040398025167103446,0.0013316972595922864
2022-06-29,-0.026079428779867797,0.0013135125859485566
2022-06-30,-0.0005950153639852074,0.0013016885165121688
2022-07-01,0.05031250235601892,0.001320759939496485
2022-07-05,-0.014739203733148298,0.0012598822485151465
2022-07-06,-0.0017259896447346934,0.0012388519985036056
2022-07-07,0.018155628753534492,0.0012580891293871009
2022-07-08,-0.026889303992957303,0.001303535988668197
2022-07-11,-0.06311822857437499,0.0013531790758699203
2022-07-12,0.032288112831584614,0.0013068941305676215
2022-07-13,-0.0006015748042568214,0.0012286534653453047
2022-07-14,0.030695382520122605,0.0012114311488196337
2022-07-15,0.008174895557220507,0.001179179463806017
2022-07-18,0.0034754241970627042,0.0011896268504652811
2022-07-19,0.02539678791671096,0.0012572701864424205
2022-07-20,0.0436251038162947,0.0013302588186721136
2022-07-21,0.06580366389165349,0.0013385689396088064
2022-07-22,-0.013410839125334917,0.0004965213454083081
2022-07-25,-0.003590788236723652,9.160017016212588e-05
2022-07-26,-0.016216126231081707,-6.336851210035537e-05
2022-07-27,0.01962320574406551,-0.00014624184969659498
2022-07-28,-0.011547307860959255,-0.00020384363782633978
2022-07-29,-0.021547364056965335,-0.00022868942974632811
2022-08-01,0.002122726351784454,-0.00024833603013409014
2022-08-02,0.01006084431087384,-0.00025411443568542014
2022-08-03,0.021232034603121397,-0.0002538365083313895
2022-08-04,0.008726829157071458,-0.00025498466578490457
2022-08-05,-0.023664041239128797,-0.0002499098704851522
2022-08-08,-0.030753368790131463,-0.0002469497370635646
2022-08-09,-0.007797668964946491,-0.00025477851071900083
2022-08-10,-0.0067750228273090185,-0.000255222526589191
2022-08-11,0.028376375114343766,-0.00024834173099218205
2022-08-12,0.026001666342770458,-0.0002504657316361675
2022-08-15,0.000517157112895017,-0.0002586098736807834
2022-08-16,-0.010596895438822584,-0.00025973428915419366
2022-08-17,-0.02168235386196704,-0.0002567943754246337
2022-08-18,0.007209527062307153,-0.00025502970885320784
2022-08-19,-0.0023859739437185334,-0.0002458087345040972
2022-08-22,-0.027371798940226677,-0.00021888308453563341
2022-08-23,0.0076502183123021705,-0.00019894697524714647
2022-08-24,0.02684371334900626,-0.00014520099387807376
2022-08-25,0.03168759927901821,-0.00010232260385688852
2022-08-26,-0.029178449406995544,-8.925051661268858e-05
2022-08-29,-0.0010546986785040513,-8.888509188278819e-05
2022-08-30,-0.03272616931617134,-4.6393765380315077e-05
2022-08-31,0.026739393076073092,-3.484048903475967e-05
2022-09-01,-0.0247143417272343,-3.176597482412274e-05
2022-09-02,-0.013351588540621684,-2.6033987505420873e-05
2022-09-06,-0.020988682063897257,1.5316282991883562e-05
2022-09-07,0.026798506199623207,8.045445732872872e-05
2022-09-08,0.03434053554520933,0.0001343790334678328
2022-09-09,0.013811396026372824,0.00013575142114087113
2022-09-12,0.015195340816785974,0.000176190905726208
2022-09-13,-0.02348402646624481,0.00026799140727973595
2022-09-14,0.008192429848046467,0.00038455839365381247
2022-09-15,0.04036704031036109,0.0006725477778729647
2022-09-16,-0.026455104880909186,0.0007288921113312245
2022-09-19,0.004658330137873534,0.0007877348302713889
2022-09-20,0.011849456393504765,0.0009681696653641681
2022-09-21,-0.06771881407469005,0.0013586821149667618
2022-09-22,-0.03631898480345863,0.0013563145188035704
2022-09-23,0.005100645593065778,0.0013513915184759264
2022-09-26,0.11812799412658559,0.0013630664942101101
2022-09-27,0.0015128414699316917,0.0012991868354113303
2022-09-28,-0.00025169398092383943,0.0012840127033255074
2022-09-29,-0.029715510273681578,0.0013027328753060924
2022-09-30,-0.026213301544681378,0.0013192049154422437
2022-10-03,0.028784619958345914,0.0013418648709867481
2022-10-04,0.08808290730712742,0.001363052441023546
2022-10-05,0.014761792695021203,0.0013243025308493706
2022-10-06,0.010558482881064757,0.0013112940937025628
2022-10-07,-0.013234205020948853,0.0013225002898801463
2022-10-10,-0.07552943760541131,0.0013630210912480287
2022-10-11,-0.07457366474980742,0.001362719315415452
2022-10-12,0.003850411089835415,0.001065707825839412
2022-10-13,-0.02054791596128447,0.0009561215869912868
2022-10-14,-0.014825180891509526,0.0008907540938374765
2022-10-17,0.013344606310662366,0.0008769129385353731
2022-10-18,0.0044830321702615805,0.0009088399942650634
2022-10-19,-0.006973455074373969,0.00103150062917112
2022-10-20,0.05589902030557581,0.0013512460246614597
2022-10-21,0.03937215329467669,0.001359772136088568
2022-10-24,-0.10289221691955974,0.0013630663951386462
2022-10-25,-0.007988751787684545,0.0013190221791616417
2022-10-26,0.020132322546993375,0.0013099195711553735
2022-10-27,-0.0118408527874444,0.0013145469004709903
2022-10-28,0.05820242913899687,0.0013474193461483752
2022-10-31,0.024804516948166988,0.0012917290057976622
2022-11-01,0.01657459526251248,0.0012440085433403204
2022-11-02,-0.011904755902996667,0.0012268940916991913
2022-11-03,-0.00864316670933829,0.0012441611453720997
2022-11-04,0.06314392386413958,0.0013134483131637055
2022-11-07,0.011431405226894453,0.001101293076629651
2022-11-08,-0.0009828212570061057,0.0010092217082751098
2022-11-09,-0.0174619281557733,0.0009935970380787395
2022-11-10,0.027534354064783217,0.001012872023116648
2022-11-11,0.05529849690925359,0.0010262720137954229
2022-11-14,-0.007386771264251912,0.00037423066166317035
2022-11-15,0.021627740219581693,0.00011025106074197353
2022-11-16,-0.00045514615362030053,-9.364871729569473e-05
2022-11-17,0.008426167488600811,-0.0001700138893392431
2022-11-18,-0.014905062614531395,-0.00020016362051382338
2022-11-21,-0.0286566585077509,-0.00021217808639551443
2022-11-22,0.007552578396103904,-0.00023399351318671778
2022-11-23,0.008667063543164044,-0.00023985730351355484
2022-11-25,0.002554605437688595,-0.0002350519572395636
2022-11-28,0.0111189728196468,-0.00021267154103702876
2022-11-29,0.023138476599510183,-0.00016237079600665534
2022-11-30,0.048813438312296675,-0.00010651641856754564
2022-12-01,0.0010674232537402073,-0.0001856075640645563
2022-12-02,0.022819314907060795,-0.00021350618358961673
2022-12-05,-0.005421255562300775,-0.00023971470598153818
2022-12-06,-0.0188678659664544,-0.0002480037665776768
2022-12-07,0.007051281944552512,-0.0002531804763517835
2022-12-08,0.025037193588442808,-0.0002509347551014201
2022-12-09,-0.02069975162330362,-0.00025360960342083404
2022-12-12,0.022194107358427306,-0.00025617138382012756
2022-12-13,0.0064101267854212995,-0.0002611201775924651
2022-12-14,0.0016438371955169728,-0.00026152844561102607
2022-12-15,-0.002051364347498641,-0.00025697080014854446
2022-12-16,-0.023843635530768847,-0.00024286368906617915
2022-12-19,-0.023794582847419976,-0.0002297577501233858
2022-12-20,0.0004314573231645191,-0.00021697556569480353
2022-12-21,0.010996156780119115,-0.00017515185294814567
2022-12-22,-0.007890908392958917,-8.300525273041511e-05
2022-12-23,0.0,0.00014265782295559454
2022-12-27,0.0417024768443337,0.0007351843673614426
2022-12-28,-0.047049121927723814,0.0008514892749798646
2022-12-29,0.01948889589695635,0.0008048873920027783
2022-12-30,0.02102812245738339,0.0007880193883399903
2023-01-03,0.026211789939984298,0.0007922906656723743
2023-01-04,0.05189544443177252,0.0007947505519442231
2023-01-05,-0.006937745892189318,0.00022627049014379964
2023-01-06,0.0007761872466673925,-2.2328332284019534e-06
2023-01-09,0.02346322913021437,-8.657518008867426e-05
2023-01-10,0.019325570055007013,-0.00016223850945266968
2023-01-11,-0.010408991927628897,-0.00021411396873132407
2023-01-12,0.004883610753061873,-0.00023565369515222403
2023-01-13,0.027476601987979965,-0.00024060433962700296
2023-01-17,-0.009459617398177467,-0.00025401280422830333
2023-01-18,-0.0012856632378019928,-0.00025876862527654
2023-01-19,-0.00018384120361392142,-0.0002571837277696135
2023-01-20,0.003678431705268048,-0.0002476625347949274
2023-01-23,0.015026560948818934,-0.0002215086090610595
2023-01-24,0.0014443339189729176,-0.00017430325700877
2023-01-25,-0.008112467750585939,-4.927439144347768e-05
2023-01-26,0.060886914691133276,0.00025360001364830404
2023-01-27,0.009422626505075193,-2.074851826951011e-06
2023-01-30,-0.017651086975065344,-0.00011312975579970075
2023-01-31,0.019350444711346615,-0.000176911932466289
2023-02-01,-0.0013559602290406092,-0.00022092056609036801
2023-02-02,-0.0257975644744044,-0.00023526538056870336
2023-02-03,0.011846662035742916,-0.0002533336171311947
2023-02-06,-0.003960186959785061,-0.00026244822766823917
2023-02-07,0.003284407328737915,-0.0002658961259806141
2023-02-08,-0.008787074055778166,-0.00026705255566216303
2023-02-09,-0.0001737751610823013,-0.0002675650202172528
2023-02-10,-0.012343499818235903,-0.0002671784537473458
2023-02-13,0.01249776599046748,-0.00026700951509350313
2023-02-14,0.0006954923924253897,-0.000267295280250117
2023-02-15,-0.017547014808335426,-0.0002664644558858556
2023-02-16,0.0047745484551457995,-0.0002670433954085626
2023-02-17,-0.01407949768416994,-0.00026659594356294187
2023-02-21,0.005890613971268666,-0.0002664800340671708
2023-02-22,0.017746320765831713,-0.00026503518306185344
2023-02-23,-0.015518742620163173,-0.00026499663812098003
2023-02-24,-0.005490571036087077,-0.000264980507864508
2023-02-27,-0.0023152227823417526,-0.00026236016583242413
2023-02-28,0.02588360774390508,-0.00025426839489859813
2023-03-01,0.019140375225547013,-0.00025204176139413605
2023-03-02,0.027317638944987177,-0.0002491302729039952
2023-03-03,0.010470405820738327,-0.0002538001757378299
2023-03-06,-0.014144677167696518,-0.00025261399288003486
2023-03-07,-0.015682380159822817,-0.0002463025679198857
2023-03-08,0.0008474256169903605,-0.00023305718879427823
2023-03-09,-0.0428450262909692,-0.00019436433509988332
2023-03-10,-0.005484742473118587,-0.00021191450367730438
2023-03-13,-0.0048034282536206785,-0.00020953347162351208
2023-03-14,-0.0010725650874631176,-0.00018468034286599937
2023-03-15,-0.049570572576173366,-0.00011180631764918158
2023-03-16,0.02560732033439339,-0.0001672304214742216
2023-03-17,0.004038824962722121,-0.00022809250856547892
2023-03-20,0.004936930377819282,-0.0002519426956150225
2023-03-21,0.003639085515213303,-0.000261336120437105
2023-03-22,-0.013052923593688037,-0.00026463057011791915
2023-03-23,0.005326878454092299,-0.00026665153736734075
2023-03-24,-0.00694314132902496,-0.0002673234846102878
2023-03-27,-0.0016559142159017215,-0.0002673053706557491
2023-03-28,0.00589758035134591,-0.00026615816782341533
2023-03-29,0.0058628600560795,-0.0002632883418075327
2023-03-30,0.01165765842230515,-0.0002561737366504848
2023-03-31,0.03438954795910831,-0.0002420327106842489
2023-04-03,0.02210628011985083,-0.0002476492118550302
2023-04-04,-0.018051843839750448,-0.0002546243402781082
2023-04-05,-0.01925082308106818,-0.0002591960682428244
2023-04-06,0.008134321473769468,-0.00026341761555900167
2023-04-10,0.00017542854932539598,-0.00026463862345246607
2023-04-11,-0.0191159664933529,-0.0002627981381872599
2023-04-12,-0.0008940104434964624,-0.00026175238492562
2023-04-13,0.029527488647014488,-0.00025543009609130333
2023-04-14,0.012515333152244068,-0.0002588330343172857
2023-04-17,-0.0013734857127721822,-0.00025901201519754074
2023-04-18,0.020285421576646367,-0.0002527388989272118
2023-04-19,0.00016844623837419803,-0.0002464968365738238
2023-04-20,0.036556588371172705,-0.000225104180564121
2023-04-21,0.02470346458525685,-0.00023278199820109008
2023-04-24,0.014274401726500408,-0.00024446238784046567
2023-04-25,-0.024081474699568006,-0.0002491059329750085
2023-04-26,-0.009773981172318424,-0.00025614819323363514
2023-04-27,0.006796225514174026,-0.00025701878698978993
2023-04-28,0.026197261238109837,-0.0002517525169421615
2023-05-01,0.01581830030582676,-0.00025268931027704267
2023-05-02,-0.0189638792291692,-0.0002506292193844573
2023-05-03,-0.034574926495048675,-0.00024649021909702165
2023-05-04,0.004395258288731885,-0.0002593750849092184
2023-05-05,-0.0008103421711335157,-0.000264304755786741
2023-05-08,0.008921308921239435,-0.00026553662951728365
2023-05-09,0.002733065849956029,-0.0002654159222893001
2023-05-10,0.0024050366280687907,-0.00026279738453238857
2023-05-11,-0.021912958250298598,-0.00025510271252767136
2023-05-12,-0.016843903851280317,-0.0002479977235148594
2023-05-15,-0.002827623208142116,-0.00023521393525754132
2023-05-16,-0.02568798729969579,-0.00019821760113645834
2023-05-17,0.021057988092111124,-0.00016310326125859627
2023-05-18,0.016767224459247165,-0.00011715001463421084
2023-05-19,-0.0024734571411132444,-3.63107098966939e-05
2023-05-22,-0.016531804297733266,0.00018113334206635892
2023-05-23,-0.06354012762880767,0.0005793592905540723
2023-05-24,0.003410641868407005,0.00029092349566075247
2023-05-25,-0.0014311564872112603,0.00018433224189917218
2023-05-26,0.009494669024588953,0.00015934896859892922
2023-05-30,-0.023424955349166998,0.00018160127975021275
2023-05-31,0.0018171928232955104,0.00021626281495333398
2023-06-01,0.005804440926630017,0.0003424489598958839
2023-06-02,0.06293957126076433,0.0006676022712958497
2023-06-05,-0.020189962910769244,0.0002845703372660118
2023-06-06,0.019740229074711513,3.2907477701445094e-05
2023-06-07,-0.00679220058010177,-0.00014064885783697344
2023-06-08,-0.011455035273009173,-0.00021020835618342054
2023-06-09,0.011414735292448963,-0.00024154668442802628
2023-06-12,0.008036951790414415,-0.00025645648319851393
2023-06-13,0.007294252954543445,-0.00026268269189567127
2023-06-14,0.0075784168619397185,-0.0002649429172392786
2023-06-15,-0.019555500392698932,-0.00026514410254317256
2023-06-16,-0.0035798436847861437,-0.00026706226630833865
2023-06-20,0.004105958101883411,-0.0002676655946564939
2023-06-21,-0.006304325082461815,-0.00026766992979724403
2023-06-22,-0.003086383464039222,-0.0002671881677581132
2023-06-23,-0.014791952918143392,-0.00026548546935411355
2023-06-26,0.012919092378955055,-0.0002636525810202694
2023-06-27,0.00879010280435577,-0.00026050800824903335
2023-06-28,-0.013668286462820256,-0.00025245245641491293
2023-06-29,-0.006062611873319579,-0.00023638190005647095
2023-06-30,0.010805075711712853,-0.0001946793208512626
2023-07-03,0.010172405940763074,-0.00010403432864267129
2023-07-05,-0.05615284250981678,9.785216854458698e-05
2023-07-06,-0.010488356388530629,-1.3672030547156276e-05
2023-07-07,0.018274947641379047,-5.612530802625185e-05
2023-07-10,0.034278595819387414,-7.722717714711078e-05
2023-07-11,0.01474917718347557,-0.0001505879588332869
2023-07-12,0.013679906601206548,-0.00018813619326430998
2023-07-13,0.014338583722522946,-0.00020398590755737396
2023-07-14,0.013470915013898077,-0.00020643100141953913
2023-07-17,-0.025270673417702727,-0.0001955026716359179
2023-07-18,0.01010095577377701,-0.00018663673764111936
2023-07-19,-0.00566668627682454,-0.00015351835219476703
2023-07-20,-0.05397248361742257,-6.179259668904818e-05
2023-07-21,-0.008327374886773375,-0.00017417584042979297
2023-07-24,0.010005217946729594,-0.00022017292090827957
2023-07-25,0.014505631709681666,-0.00023979416311151633
2023-07-26,0.021272883905557816,-0.00024965891364040003
2023-07-27,-0.004097612581905663,-0.0002596915036264874
2023-07-28,0.01525801213288358,-0.0002627239673085789
2023-07-31,0.009962842056371102,-0.00026505381127970304
2023-08-01,-0.00969741225808829,-0.0002659209115181803
2023-08-02,-0.01992225512752932,-0.0002655939010977168
2023-08-03,0.0003445041124046089,-0.0002673049200556679
2023-08-04,-0.0022387403797834438,-0.00026782927383203043
2023-08-07,0.006927572995275133,-0.0002677097516853756
2023-08-08,-0.010663886823335633,-0.0002673702874056298
2023-08-09,-0.01164816565944049,-0.00026700162005708115
2023-08-10,0.009674698102349888,-0.00026656637333361016
2023-08-11,-0.0172475101754459,-0.0002655795270128517
2023-08-14,-0.010813628682387777,-0.0002655115953570987
2023-08-15,-0.02078852039044854,-0.00026424699033682236
2023-08-16,-0.018484673854420652,-0.0002650746749775211
2023-08-17,-0.0027969557387582666,-0.00026709209811676604
2023-08-18,-0.002617639694266982,-0.00026776160326582514
2023-08-21,-0.0063742772425906535,-0.00026773704643476797
2023-08-22,0.00830189762892708,-0.00026729040445016487
2023-08-23,0.010104737451630763,-0.0002665113269837365
2023-08-24,-0.011300565538957308,-0.00026521906600562986
2023-08-25,-0.014052762898401294,-0.00026254373053197206
2023-08-28,0.0228050547118106,-0.00025786364457554235
2023-08-29,0.014121097588107423,-0.0002562841715961955
2023-08-30,0.006046214576701736,-0.00025133539457002617
2023-08-31,-0.0009105853675196451,-0.00023550323133045091
2023-09-01,0.0012759672499145225,-0.0001919888397600667
2023-09-05,-0.042235481069646474,-7.77292618392677e-05
2023-09-06,-0.0034215076463632865,-7.180266850156459e-05
2023-09-07,-0.05054360604288943,-1.960456973092777e-05
2023-09-08,-0.0182804766515402,-0.00014503711425458674
2023-09-11,0.0,-0.00022084941131035344
2023-09-12,0.0024556493082685815,-0.0002497133794441485
2023-09-13,-0.0028577872980115604,-0.0002607696880682649
2023-09-14,0.0016376901614203465,-0.00026472736228525076
2023-09-15,-0.0038830852975834107,-0.0002654887524953254
2023-09-18,0.0075912417132104615,-0.0002638829890458851
2023-09-19,-0.009773961139120102,-0.00025929870525306687
2023-09-20,-0.014805811251375478,-0.0002484918986086066
2023-09-21,-0.04320588659083835,-0.00022825468518575208
2023-09-22,-0.0010907557392360046,-0.00025187247302244103
2023-09-25,-0.009827521078142665,-0.0002604515884950031
2023-09-26,-0.0013233755616360865,-0.0002639093103825145
2023-09-27,0.019434742445695985,-0.0002637326883067394
2023-09-28,-0.013214918236420625,-0.00026541224326588684
2023-09-29,0.006366626914316109,-0.0002664563681653649
2023-10-02,-0.0030539974910416268,-0.0002662503826352122
2023-10-03,-0.021225466924080005,-0.00026409246993730473
2023-10-04,-0.011401746939808666,-0.0002641985965458724
2023-10-05,-0.002713787600375328,-0.0002625471329746641
2023-10-06,0.032426305252351906,-0.0002559814414792248
2023-10-09,0.004173144433674114,-0.0002624913604009202
2023-10-10,0.013123423326873107,-0.00026432999457345094
2023-10-11,0.004317726172456515,-0.0002653690153520442
2023-10-12,-0.012252753860846899,-0.0002641350661781922
2023-10-13,-0.02524490222711362,-0.00026123229537683684
2023-10-16,0.013395826095157659,-0.000262745067530218
2023-10-17,-0.0015421803739434914,-0.0002629398705263676
2023-10-18,-0.01588700064304649,-0.00025889511837048375
2023-10-19,0.028699621837327438,-0.0002521409961638184
2023-10-20,-0.01220584666097313,-0.0002545027700995108
2023-10-23,0.024933857708359097,-0.00025157970532251647
2023-10-24,0.025618952282272067,-0.00025347912182739326
2023-10-25,-0.009235948300009622,-0.0002609515173146858
2023-10-26,0.006991575807165251,-0.00026363588729851403
2023-10-27,-0.010309213505761639,-0.00026339579563241307
2023-10-30,0.01658148010431204,-0.00026061147068782124
2023-10-31,-0.007528218946695642,-0.0002570905315789383
2023-11-01,-0.015381383337895516,-0.00024595658801411806
2023-11-02,0.0419430661397906,-0.00022532261955963617
2023-11-03,0.0030807298093742386,-0.00024942528390065614
2023-11-06,0.011307583195678594,-0.00025807133969673327
2023-11-07,-0.018093121603118045,-0.0002617588565444587
2023-11-08,-0.0035195868080020176,-0.00026516011118540026
2023-11-09,-0.004986553281742356,-0.0002657627826355326
2023-11-10,-0.0029234071681972784,-0.0002642911010639799
2023-11-13,-0.002931897557040819,-0.0002591258923162713
2023-11-14,0.039067496708504734,-0.000245176124408716
2023-11-15,-0.003840837879342196,-0.00025935683851460495
2023-11-16,-0.003246687010835303,-0.0002648105234401935
2023-11-17,-0.0008142762206940768,-0.000266784396262967
2023-11-20,0.004074856601634869,-0.0002671401544013214
2023-11-21,0.0032467654749226416,-0.0002664689309249383
2023-11-22,-0.0032362581038432037,-0.00026405366971963683
2023-11-24,-0.007305241934598028,-0.00025744297665518525
2023-11-27,-0.007358843135889526,-0.00024139154127280715
2023-11-28,-0.01853377160293279,-0.00020203715019675403
2023-11-29,-0.04867819529303108,-0.0001388870233583244
2023-11-30,0.017203278601843897,-0.0001862021767064999
2023-12-01,0.014744307061081097,-0.00021404437248342037
2023-12-04,-0.025000097080857153,-0.0002269460008334138
2023-12-05,-0.016655581193331326,-0.00024203545743560462
2023-12-06,-0.000891489024516301,-0.00024981707880727966
2023-12-07,0.0004460128640770833,-0.00024749835806738935
2023-12-08,0.0343367324461481,-0.0002327864462122705
2023-12-11,0.026298796585459083,-0.000239592101650799
2023-12-12,0.004620884960869542,-0.000253018146076913
2023-12-13,0.016725885347642855,-0.0002564973856308981
2023-12-14,-0.00041124047764007354,-0.0002583469745757092
2023-12-15,-0.015223191732415708,-0.00025366866337050666
2023-12-18,-0.002924628478403246,-0.00024405728013699693
2023-12-19,0.03205521269862266,-0.00021591288305556619
2023-12-20,-0.03471373430267455,-0.00020926679365370208
2023-12-21,0.02607789124013249,-0.0002260695400056328
2023-12-22,0.002664376386614542,-0.0002494303137319985
2023-12-26,0.0024531321421410457,-0.0002576104134554824
2023-12-27,-0.010195766378500615,-0.00025852247523815006
2023-12-28,0.011330877884936807,-0.0002546985354020623
2023-12-29,0.0024444001944619043,-0.00024465505800844693
2024-01-02,0.043080698578824794,-0.00021606610443048206
2024-01-03,-0.012857922096451424,-0.00024044717844063932
2024-01-04,-0.008288968300457777,-0.0002513193407082263
2024-01-05,0.011144204505790567,-0.0002532112826925359
2024-01-08,0.01909078808974085,-0.0002494418413580669
2024-01-09,-0.03418312090697573,-0.00024438129777256193
2024-01-10,-0.014397058795103446,-0.00025594455934986257
2024-01-11,0.009332507326470063,-0.000262071379567914
2024-01-12,-0.002814032232428487,-0.00026452378360041894
2024-01-16,-0.011489607700808757,-0.00026386854897207115
2024-01-17,-0.01651717464936453,-0.0002612348275865806
2024-01-18,0.0267468421734518,-0.0002573695669005254
2024-01-19,-0.013529893174327623,-0.0002601393085295447
2024-01-22,-0.018833212925750686,-0.0002601210200796396
2024-01-23,0.022741467704135765,-0.00026008254891626256
2024-01-24,0.012647897529493912,-0.0002633597937129436
2024-01-25,0.01027412359109281,-0.0002650952668362669
2024-01-26,-0.002392965194291996,-0.00026553314740095915
2024-01-29,0.007395672824214161,-0.0002635159916124573
2024-01-30,-0.017658819163567707,-0.00025812507301509196
2024-01-31,-0.01191682457100296,-0.00025067388772718975
2024-02-01,0.03945222340196053,-0.00023355529502075894
2024-02-02,-0.007276258916436018,-0.00025005093894810935
2024-02-05,0.016507588724832933,-0.0002551348759203752
2024-02-06,0.020739483485704646,-0.0002579669255655974
2024-02-07,0.011117577260539857,-0.00026222927349525135
2024-02-08,0.01630331811687391,-0.0002638239727738332
2024-02-09,0.0001864989555411256,-0.0002656953654799834
2024-02-12,0.015665792406325263,-0.00026519837024678957
2024-02-13,-0.011017197030794401,-0.00026530989091528363
2024-02-14,0.011511265888146216,-0.0002641690383369791
2024-02-15,0.008994212381131295,-0.0002615403166182969
2024-02-16,0.0050936156817222855,-0.0002547816197820514
2024-02-20,-0.03963795118862967,-0.0002369048847016221
2024-02-21,0.008103960529711962,-0.00024905431006247436
2024-02-22,0.0029912536934357803,-0.0002516369460383438
2024-02-23,0.020503322497036125,-0.00024517149777045097
2024-02-26,-0.014977228964675349,-0.00023801044511891902
2024-02-27,-0.009827507995580298,-0.00022108582316885002
2024-02-28,0.004119761208049688,-0.00017830914461400548
2024-02-29,0.016784792969811946,-6.73020344217102e-05
2024-03-01,-0.059427687074113944,0.0001213040034977909
2024-03-04,-0.011310454263503078,-9.716647813837206e-05
2024-03-05,0.004141953580037994,-0.00019531635408886065
2024-03-06,-0.006482001161544848,-0.00023342176354619913
2024-03-07,0.017991353027354107,-0.000247488051608323
2024-03-08,0.000388355353226455,-0.00025743247653414676
2024-03-11,0.02135514058172827,-0.00025941827958699025
2024-03-12,0.006462590088742948,-0.00026354281286002594
2024-03-13,0.007554252960479069,-0.00026439181630405256
2024-03-14,-0.0185566273514417,-0.0002629187999507137
2024-03-15,-0.025401080434106715,-0.0002620011027094145
2024-03-18,-0.008230412608951965,-0.00026565025620916026
2024-03-19,0.0033589509242650806,-0.00026731287434112784
2024-03-20,-0.004135428475517622,-0.00026794620295871063
2024-03-21,-0.004350463857555997,-0.0002681277433097465
2024-03-22,-0.00496519559364228,-0.0002680471016284502
2024-03-25,0.004391199765687803,-0.00026767504152455266
2024-03-26,0.010532541951222107,-0.00026671800806861494
2024-03-27,0.01238943442047824,-0.0002654733592719655
2024-03-28,0.0042734870088898536,-0.00026371491566764323
2024-04-01,0.028626705972202737,-0.0002580915939718043
2024-04-02,-0.005077056410989544,-0.00026091545230384354
2024-04-03,0.019845031593991314,-0.00025886837387980764
2024-04-04,-0.025389196665421387,-0.00025788564837513875
2024-04-05,0.011218830580579375,-0.0002612528194303982
2024-04-08,-0.013915048239060868,-0.00026174116143164346
2024-04-09,0.00019080686922356982,-0.0002602641595930008
2024-04-10,-0.011248848988799076,-0.00025251563347205295
2024-04-11,-0.004820698704251614,-0.00023498337907742683
2024-04-12,-0.022863795558864308,-0.00018903684403203538
2024-04-15,-0.003569275727084542,-0.00013288669582061288
2024-04-16,0.0051740456619282504,1.6591026260530687e-05
2024-04-17,-0.005543379268401982,0.00039192020718085215
2024-04-18,-0.08660160937963401,0.0013429880569513386
2024-04-19,-0.009154438559163758,0.000579440179347834
2024-04-22,0.02419717018528944,0.00025812436898306273
2024-04-23,-0.011812749971234493,-3.606664559886814e-05
2024-04-24,-0.0036947733342485023,-0.00017031473871822477
2024-04-25,-0.00632639556599468,-0.00022164365252514342
2024-04-26,-0.0021954192891492363,-0.0002409152949852096
2024-04-29,0.006600749279739082,-0.0002447321390079964
2024-04-30,-0.030382542789574862,-0.00023825396294770656
2024-04-30,0.0,-0.00024271745184591416
2024-05-01,0.004057677432876439,-0.00023485673576394776
2024-05-01,0.0,-0.00020787734085483183
2024-05-01,-0.009687189111996841,-0.00013413254657037226
2024-05-02,0.05761848854577112,3.8202611872880336e-05
2024-05-02,0.0,-0.00014277431942854413
2024-05-02,-0.009687258023915568,-0.0002113757177254601
2024-05-03,0.014544101576867696,-0.00024044462150655884
2024-05-03,0.0,-0.00025655407624934097
2024-05-03,-0.009687228807512716,-0.0002621400940235673
2024-05-06,0.01735483694845419,-0.00026398737217785107
2024-05-06,0.0,-0.00026660532948711164
2024-05-06,-0.009687301018840633,-0.0002673871990577428
2024-05-07,0.0033394492330087733,-0.00026794411999166287
2024-05-07,0.0,-0.0002680768799568049
2024-05-07,-0.009687285299527892,-0.00026777003755435163
2024-05-08,0.01086264147008631,-0.00026754760468002364
2024-05-08,0.0,-0.00026771906719215275
2024-05-08,-0.009687343259394465,-0.00026712500316802156
2024-05-09,0.01906601522177942,-0.0002661063450116388
2024-05-09,0.0,-0.0002674310817529097
2024-05-09,-0.00968732597465971,-0.00026770540578901423
2024-05-10,-0.004337740400787493,-0.00026801353870775375
2024-05-10,0.0,-0.00026795407544371263
2024-05-10,-0.009687259929004655,-0.000267334992455257
2024-05-13,0.01802686947955734,-0.00026644627340108393
2024-05-13,0.0,-0.0002675860826765408
2024-05-13,-0.00968735055461789,-0.0002678178973311998
2024-05-14,-0.0031307417496664325,-0.0002681703702773694
2024-05-14,0.0,-0.0002682256855584476
2024-05-14,-0.009687238297567569,-0.0002679811238582154
2024-05-15,0.005204007337293426,-0.00026799007347301284
2024-05-15,0.0,-0.0002677949643906033
2024-05-15,-0.009687276845232629,-0.00026688489780349415
2024-05-16,0.020950724481886063,-0.0002653382671875934
2024-05-16,0.0,-0.000266811200974528
2024-05-16,-0.009687335917226148,-0.00026673871289227953
2024-05-17,0.01866261400196101,-0.0002659990375103188
2024-05-17,0.0,-0.0002673934271197085
2024-05-17,-0.009687280242253737,-0.00026770064246576093
2024-05-20,0.005273162688856026,-0.00026803693059142253
2024-05-20,0.0,-0.0002682139338225404
2024-05-20,-0.009687318393495792,-0.00026808047506890855
2024-05-21,-0.0033739782762877146,-0.00026828118887872396
2024-05-21,0.0,-0.00026830291254702313
2024-05-21,-0.009687309590410753,-0.00026809869443628976
2024-05-22,0.0023523934100804222,-0.0002682434439065709
2024-05-22,0.0,-0.00026818174863450024
2024-05-22,-0.009687297676185591,-0.00026777544526662245
2024-05-23,-0.013772974163104967,-0.00026745410364996684
2024-05-23,0.0,-0.0002678877151512983
2024-05-23,-0.009687287574031589,-0.0002677079935985482
2024-05-24,0.01158534076524842,-0.0002675674759363207
2024-05-24,0.0,-0.0002680001437612308
2024-05-24,-0.009687279354394396,-0.00026792080629723687
2024-05-28,0.0064070041306341086,-0.00026804786972611057
2024-05-28,0.0,-0.00026816497956610547
2024-05-28,-0.009687358053896533,-0.00026792512556595924
2024-05-29,-0.008955076316577104,-0.00026789404288851264
2024-05-29,0.0,-0.000267926785375058
2024-05-29,-0.009687325314053585,-0.0002673782763953949
2024-05-30,0.012082193387956686,-0.00026659868786591977
2024-05-30,0.0,-0.00026589373194021846
2024-05-30,-0.009687360438105364,-0.0002627982371875893
2024-05-31,0.033420208678610175,-0.0002558773340712557
2024-05-31,0.0,-0.0002633458849787891
2024-05-31,-0.009687287993700555,-0.0002659354494708861
2024-06-03,0.0059698640499101785,-0.0002671703584962098
2024-06-03,0.0,-0.0002675899599850453
2024-06-03,-0.009687324564226829,-0.00026713406397020043
2024-06-04,-0.019255308330955123,-0.0002662715070033501
2024-06-04,0.0,-0.0002674002264133268
2024-06-04,-0.009687290461513176,-0.00026746950485765763
2024-06-05,0.010477265661370971,-0.000267399431213065
2024-06-05,0.0,-0.0002675354410027204
2024-06-05,-0.009687310341187971,-0.00026674227945163906
2024-06-06,0.011171720595251955,-0.00026522465195885707
2024-06-06,0.0,-0.00026260937655585043
2024-06-06,-0.009687348316774091,-0.0002546262907333754
2024-06-07,0.04123666077783961,-0.00023634124337963778
2024-06-07,0.0,-0.0002557181794201953
2024-06-07,-0.009687309695001756,-0.00026290534197141746
2024-06-10,0.0032774064534508707,-0.0002662291783294158
2024-06-10,0.0,-0.0002674920021338924
2024-06-10,-0.009687358053896533,-0.0002677592609855384
2024-06-11,-0.0039886528747398176,-0.0002681012901632325
2024-06-11,0.0,-0.0002681305098910024
2024-06-11,-0.00968734938214355,-0.00026776879148524344
2024-06-12,0.012528651845896466,-0.0002674886097540861
2024-06-12,0.0,-0.00026796404221128653
2024-06-12,-0.009687337546410157,-0.0002678937873945309
2024-06-13,0.0059017523625652935,-0.0002680086215891937
2024-06-13,0.0,-0.00026801665834138763
2024-06-13,-0.009687288786986992,-0.00026752607962591987
2024-06-14,-0.009006677659899931,-0.0002669214536344932
2024-06-14,0.0,-0.0002656067547616089
2024-06-14,-0.00968732030571473,-0.00026152446465931483
2024-06-17,0.03546439149890368,-0.0002524998515734648
2024-06-17,0.0,-0.0002618911210477847
2024-06-17,-0.009687349487706998,-0.00026514076714706644
2024-06-18,0.008643684656435946,-0.0002664942826297841
2024-06-18,0.0,-0.00026700636757270076
2024-06-18,-0.00968737577512857,-0.0002661544002229607
2024-06-20,0.01684839157437934,-0.00026416055267369413
2024-06-20,0.0,-0.0002628133960431154
2024-06-20,-0.00968728218293835,-0.0002567474026984105
2024-06-21,0.03920847106381631,-0.00024247796952058014
2024-06-21,0.0,-0.00025779265024136603
2024-06-21,-0.009687377991010937,-0.0002632672159863761
2024-06-24,-0.013752287760210868,-0.0002654948392248266
2024-06-24,0.0,-0.0002672181524250339
2024-06-24,-0.009687368985879963,-0.00026768123985644485
2024-06-25,-0.0008021298239520025,-0.00026815199869977474
2024-06-25,0.0,-0.000268245749938669
2024-06-25,-0.009687304584272027,-0.0002680591981050368
2024-06-26,-0.0029625223123034283,-0.0002681896279854358
2024-06-26,0.0,-0.00026803600639812696
2024-06-26,-0.00968726857647062,-0.00026739499299897033
2024-06-27,0.017388192936495184,-0.00026652809221414564
2024-06-27,0.0,-0.0002674727356381541
2024-06-27,-0.009687304244776929,-0.00026742878583787963
2024-06-28,0.012298557430378443,-0.00026721438193252103
2024-06-28,0.0,-0.0002675255872961099
2024-06-28,-0.009687315456285206,-0.00026690433595306814
2024-07-01,-0.021481224516085695,-0.0002656945383560783
2024-07-01,0.0,-0.0002672776976765031
2024-07-01,-0.009687288319464749,-0.00026766285732136516
2024-07-02,-0.0036408259089173445,-0.0002680457176195104
2024-07-02,0.0,-0.0002680437069045104
2024-07-02,-0.009687273911188954,-0.0002675680851457468
2024-07-03,0.015509830132131697,-0.000267011752249731
2024-07-03,0.0,-0.0002678142788603867
2024-07-03,-0.009687252344528163,-0.0002679252111226902
2024-07-05,-0.0011345289602486819,-0.0002682433151628305
2024-07-05,0.0,-0.00026827651853265303
2024-07-05,-0.00968734129213511,-0.00026805840498799
2024-07-08,-0.005572069343433683,-0.00026815646764256305
2024-07-08,0.0,-0.00026811807035855044
2024-07-08,-0.009687310941077776,-0.0002676750671874168
2024-07-09,0.013923419836237017,-0.0002672363787600826
2024-07-09,0.0,-0.00026778489555570037
2024-07-09,-0.009687364464662895,-0.00026762656174953066
2024-07-10,0.005172380746621963,-0.0002674451529444079
2024-07-10,0.0,-0.00026658492804637986
2024-07-10,-0.009687359909094084,-0.00026385535544999584
2024-07-11,0.03147431093307751,-0.0002580391004686019
2024-07-11,0.0,-0.0002636897350785898
2024-07-11,-0.009687341446729891,-0.00026515272960695417
2024-07-12,0.019564940092928307,-0.0002649397577611892
2024-07-12,0.0,-0.0002669487907900856
2024-07-12,-0.00968728011602693,-0.0002674587351343999
2024-07-15,-0.0015611318232906513,-0.00026781094980755644
2024-07-15,0.0,-0.0002674880371418465
2024-07-15,-0.009687234616517104,-0.0002661603463907973
2024-07-16,0.025317150658122678,-0.00026361256220080195
2024-07-16,0.0,-0.0002664475258361018
2024-07-16,-0.009687330432831542,-0.0002673012216636136
2024-07-17,-0.0033992880794193603,-0.0002678644361623825
2024-07-17,0.0,-0.00026786333578925894
2024-07-17,-0.00968729439418925,-0.00026722130258667555
2024-07-18,-0.019791210408364512,-0.0002662219503833691
2024-07-18,0.0,-0.000267417391547405
2024-07-18,-0.00968732323977839,-0.0002675623838425494
2024-07-19,0.009045091286179252,-0.00026763678092069033
2024-07-19,0.0,-0.00026779270556141185
2024-07-19,-0.009687302159415379,-0.0002672487543422829
2024-07-22,0.01814158228149476,-0.000266376485370681
2024-07-22,0.0,-0.0002675531317179519
2024-07-22,-0.009687315417856501,-0.00026779159218379394
2024-07-23,0.002954336277757097,-0.00026813038548317646
2024-07-23,0.0,-0.0002681911282846126
2024-07-23,-0.009687342482899375,-0.0002679190789049672
2024-07-24,-0.010104293055851254,-0.0002678503802403303
2024-07-24,0.0,-0.00026800658512964894
2024-07-24,-0.00968725894799316,-0.00026765814760757654
2024-07-25,-0.014761293742964865,-0.00026730522502956124
2024-07-25,0.0,-0.0002678848521451566
2024-07-25,-0.009687309726614579,-0.00026784489100231885
2024-07-26,0.005675225770214398,-0.0002679515964355515
2024-07-26,0.0,-0.00026787548663773173
2024-07-26,-0.00968732580339049,-0.00026716608614020965
2024-07-29,0.019318069726991904,-0.0002660515165716701
2024-07-29,0.0,-0.00026737340013405285
2024-07-29,-0.009687263466610085,-0.000267598868862134
2024-07-30,0.007739455941039086,-0.00026777957475697996
2024-07-30,0.0,-0.0002679228094009376
2024-07-30,-0.009687368984076739,-0.0002674840957802019
2024-07-31,0.01489875703228094,-0.00026690231193766576
2024-07-31,0.0,-0.00026742734854707823
2024-07-31,-0.009687252400255364,-0.00026693759696268563
2024-08-01,-0.02076335001544305,-0.00026589535446940857
2024-08-01,0.0,-0.0002673680126020581
2024-08-01,-0.00968727614055298,-0.0002677254227169644
2024-08-02,-0.0009798445354943786,-0.0002681285320538379
2024-08-02,0.0,-0.00026813618032618967
2024-08-02,-0.009687243532290557,-0.0002677577489523139
2024-08-05,0.004475724012382942,-0.0002674514823081142
2024-08-05,0.0,-0.00026638234818596987
2024-08-05,-0.009687366008251486,-0.00026322839116713363
2024-08-06,0.03230515472184603,-0.00025646204330469186
2024-08-06,0.0,-0.00026250758336890644
2024-08-06,-0.00968734939377025,-0.0002636951533778322
2024-08-07,0.009257537989353137,-0.0002624139082267088
2024-08-07,0.0,-0.00025793066829299334
2024-08-07,-0.009687328652133953,-0.0002443692787044649
2024-08-08,0.04494602476860399,-0.00021284791055902052
2024-08-08,0.0,-0.00024409633467299859
2024-08-08,-0.009687242721084344,-0.0002551750291605909
2024-08-09,-0.021916326971450295,-0.00025873990070155876
2024-08-09,0.0,-0.0002637836783108357
2024-08-09,-0.009687273944321784,-0.00026483378668962345
2024-08-12,0.006378541702058316,-0.00026403964332353917
2024-08-12,-0.00968728710410982,-0.00026026413869743024
2024-08-13,0.0344750149260491,-0.00025107649007037114
2024-08-13,-0.0096873740401624,-0.000259168490159242
2024-08-14,0.012859150330825075,-0.00026181002529368784
2024-08-14,-0.00968730298778675,-0.0002624808288014259
2024-08-15,0.025887476950091193,-0.00026003681955440503
2024-08-15,-0.00968731555682556,-0.00026339823774551964
2024-08-16,0.0158210892182995,-0.0002639849842131942
2024-08-16,-0.009687271355572569,-0.00026476395317334705
2024-08-19,0.02178834730328094,-0.00026365837650711363
2024-08-19,-0.009687276989614468,-0.00026571327380751626
2024-08-20,0.01274841829371387,-0.00026636202220698123
2024-08-20,-0.009687300978394875,-0.00026714559236168
2024-08-21,0.00781055054730162,-0.00026753552365067513
2024-08-22,-0.005328166965215542,-0.0002677064760369055
2024-08-23,-0.011443958042228308,-0.0002673234783108156
2024-08-26,-0.0012315057111789152,-0.00026704517377908036
2024-08-27,-0.01504308507591412,-0.00026538220237853146
2024-08-28,-0.02328490669670602,-0.0002636374324660102
2024-08-29,-0.00948477921726032,-0.00026524916454985135
2024-08-30,0.009058012371301771,-0.0002651861703064572
2024-09-03,-0.007950815161577585,-0.0002635806614001744
2024-09-04,0.030506787679095426,-0.00025860623917281706
2024-09-05,0.003010484220035581,-0.0002639267187237862
2024-09-06,-0.007003475964759143,-0.00026542410603504657
2024-09-09,0.007556640113328683,-0.00026489167089259523
2024-09-10,-0.017999975154516235,-0.0002622194605083146
2024-09-11,0.0020366243265597106,-0.0002594644623228967
2024-09-12,0.001270400940141636,-0.00024959342676982536
2024-09-13,0.015478327419127025,-0.00022275628813967743
2024-09-16,0.00599689644438639,-0.000175667732415549
2024-09-17,0.02831602734029892,-5.81240011954965e-05
2024-09-18,-0.014734320912484167,3.063354505349392e-05
2024-09-19,0.03211562573393878,0.00021072163074558714
2024-09-20,-0.002850306742852915,0.0003068600550651866
2024-09-23,0.003573159526006009,0.0005749984689147418
2024-09-24,0.053406196995393396,0.0012677472798333575
2024-09-25,0.009914288814147687,0.0012913508689642072
2024-09-26,0.07987512327601576,0.0013629243260843353
2024-09-27,0.05619823857965778,0.0013466687648251768
2024-09-30,-0.015258176428980419,0.0007561540861178944
2024-10-01,0.02959882440912076,0.0004532493829906302
2024-10-02,-0.00019300938871391615,3.0105530722352185e-05
2024-10-03,0.0028945847107202383,-0.00013080108358379976
2024-10-04,0.011737558802124015,-0.0001919634844541939
2024-10-07,0.014264023034129103,-0.00021954653758755915
2024-10-08,-0.02793926344430475,-0.00023226879791155155
2024-10-09,0.0017360807953752388,-0.0002528497979876857
2024-10-10,0.0015405084820316883,-0.0002601255627231359
2024-10-11,0.016535290135239578,-0.00026125764845042463
2024-10-14,-0.011348538985439416,-0.0002620231973312453
2024-10-15,-0.025253492586220228,-0.00025998011083113636
2024-10-16,0.014327748910152538,-0.000262289256058825
2024-10-17,-0.017027864930895587,-0.00026343607522471337
2024-10-18,0.014763825352159587,-0.0002645730632734667
2024-10-21,-0.007371579274422779,-0.00026566663691658405
2024-10-22,0.011334870475023129,-0.00026495745468003236
2024-10-23,-0.013719864513360491,-0.00026317059499011
2024-10-24,0.028017281229021584,-0.000259707071273994
2024-10-25,0.005526944635116049,-0.00026393084880911853
2024-10-28,0.01630016204591822,-0.00026489145446937046
2024-10-29,-0.004289369664958187,-0.00026654643300087115
2024-10-30,-0.008615839528852476,-0.0002665924211607083
2024-10-31,-0.020404387845076477,-0.0002656658450884496
2024-11-01,-0.002314328136842514,-0.000267026375993944
2024-11-04,-0.00695923895601136,-0.00026704225894577107
2024-11-05,-0.016220372042828224,-0.0002661489881586929
2024-11-06,0.007151377129633207,-0.00026604142912380665
2024-11-07,0.014990092628737184,-0.00026451160724136075
2024-11-08,-0.02098711967612188,-0.00026296718771854575
2024-11-11,0.005160702257639649,-0.0002633174010601762
2024-11-12,-0.02725114784664906,-0.00026019532689463323
2024-11-13,0.005481106163512273,-0.00026304302203592904
2024-11-14,-0.020189768438069633,-0.0002623542601611617
2024-11-15,-0.011745316397648642,-0.0002629765285724866
2024-11-18,0.02460378371679628,-0.0002613636388405694
2024-11-19,0.0008140189603560444,-0.0002645609727508098
2024-11-20,0.014843431337700164,-0.0002645534619244637
2024-11-21,0.003205764918465581,-0.00026456736018887233
2024-11-22,0.0001997823162074308,-0.00026156446195552444
2024-11-25,0.026357800182503333,-0.00025236193105542535
2024-11-26,-0.009338579842812278,-0.0002495995877704377
2024-11-27,0.009819355063312551,-0.00023742538667793935
2024-11-29,0.0318942434239613,-0.00020805803807072963
2024-12-02,0.036562363619073945,-0.00020068725038521518
2024-12-03,-0.019999991628329106,-0.0002280615221195512
2024-12-04,0.012986981553493093,-0.0002471801036388859
2024-12-05,-0.013919372629623727,-0.00025661584489457165
2024-12-06,0.0027860411874851554,-0.00026114169626700607
2024-12-09,0.021855852010446375,-0.00026062034192586976
2024-12-10,-0.0052564405637054445,-0.00026285798030441606
2024-12-11,-0.007835258902778475,-0.00026127532318169944
2024-12-12,-0.011937593564694038,-0.0002550025970490456
2024-12-13,0.001301090703844876,-0.00024113761114572316
2024-12-16,-0.02561719188270628,-0.00020351541260287543
2024-12-17,0.021908928879753597,-0.00016758393576811681
2024-12-18,-0.04884412402230853,-0.0001238487317653848
2024-12-19,0.005095966004431851,-0.00019949415631394604
2024-12-20,0.018915785579643796,-0.00022839039905986575
2024-12-23,-0.011291842107640115,-0.0002487683427420023
2024-12-24,0.004452156438536248,-0.00025756610977631703
2024-12-26,0.0015417572187144124,-0.0002592040577831427
2024-12-27,-0.0021165974374611762,-0.0002548006299026537
2024-12-30,-0.02236789301222164,-0.00023993389855431096
2024-12-31,0.013017700070095506,-0.00022338385745299656
