ticker,weight,expected_annual_return,expected_annual_vol
3808.HK,0.3467797392545228,0.2994048741627268,0.5036350878139098
1070.HK,0.19064392774050304,0.21381538057293298,0.4909134346354534
1448.HK,5.409084638530182e-16,0.04595398079325727,0.3518168272363422
1098.HK,0.0,-0.09957876171857907,0.41482753832369373
2314.HK,0.0,0.009995280459035041,0.3787073619389598
1233.HK,0.0,0.020465548682900882,0.7338017632554211
1137.HK,0.05183679730317556,0.13179681046447272,0.550196659386355
3613.HK,3.3881317890172014e-17,0.05804481800413874,0.36792709152153835
1316.HK,0.0,0.12023307868891196,0.5770820657129451
1929.HK,0.05744242739508029,0.1271952168209979,0.3923200300954375
1515.HK,0.0,-0.03075849396424485,0.43684764001751414
1330.HK,0.0,0.04998607081463947,0.3492527333306022
1913.HK,0.0875533262321538,0.11746409893742442,0.42092404610220313
1083.HK,9.378348791999613e-18,-0.00019056201818213619,0.34727968475328
3383.HK,0.0,0.05679900663929607,0.794920535227877
1310.HK,9.249741975901633e-17,0.027803111473007576,0.3301794580126514
1138.HK,0.07951902808597573,0.14475456224602704,0.4729409464233121
2883.HK,0.0,0.052384451628125696,0.4328634095033184
1528.HK,0.0,-0.09428833993225122,0.4501594372240308
6889.HK,0.18622475398858898,0.5906146705776577,1.0816858922430554
